[
    {
        "id": 1,
        "title": "To Kill a Mockingbird",
        "author": "Harper Lee",
        "genre": "Classic Fiction",
        "year": 1960,
        "cover_url": "https://upload.wikimedia.org/wikipedia/commons/4/4f/To_Kill_a_Mockingbird_%28first_edition_cover%29.jpg",
        "summary": "A gripping story about racism and justice in the American South, seen through the eyes of a young girl, Scout Finch."
    },
    {
        "id": 2,
        "title": "1984",
        "author": "George Orwell",
        "genre": "Dystopian",
        "year": 1949,
        "cover_url": "https://m.media-amazon.com/images/I/71rpa1-kyvL._SL1500_.jpg",
        "summary": "A dystopian future where Big Brother monitors everything, and individual freedom is eradicated by totalitarian rule."
    },
    {
        "id": 3,
        "title": "The Hobbit",
        "author": "J.R.R. Tolkien",
        "genre": "Fantasy",
        "year": 1937,
        "cover_url": "https://www.sfbok.se/sites/default/files/styles/1000x/sfbok/sfbokbilder/44/44328.jpg?bust=1190288257&itok=KuK0wPST",
        "summary": "Bilbo Baggins embarks on an adventure with dwarves and the wizard Gandalf to reclaim treasure from a fearsome dragon."
    },
    {
        "id": 4,
        "title": "The Catcher in the Rye",
        "author": "J.D. Salinger",
        "genre": "Young Adult",
        "year": 1951,
        "cover_url": "https://images-na.ssl-images-amazon.com/images/S/compressed.photo.goodreads.com/books/1398034300i/5107.jpg",
        "summary": "Teenager Holden Caulfield struggles with alienation and the absurdity of adult life in a story about coming-of-age and identity."
    },
    {
        "id": 5,
        "title": "Pride and Prejudice",
        "author": "Jane Austen",
        "genre": "Romance",
        "year": 1813,
        "cover_url": "https://s3-ap-southeast-2.amazonaws.com/assets.allenandunwin.com/images/small/9780571337019.jpg",
        "summary": "Elizabeth Bennet navigates love and societal norms in a classic tale of romance and pride."
    },
    {
        "id": 6,
        "title": "Moby-Dick",
        "author": "Herman Melville",
        "genre": "Adventure",
        "year": 1851,
        "cover_url": "https://bilder.akademibokhandeln.se/images_akb/9781681778488_383/moby-dick",
        "summary": "Sailor Ishmael follows Captain Ahab's obsession with hunting the white whale, Moby Dick."
    },
    {
        "id": 7,
        "title": "The Great Gatsby",
        "author": "F. Scott Fitzgerald",
        "genre": "Classic Fiction",
        "year": 1925,
        "cover_url": "https://image.bokus.com/images/9781853260414_200x_the-great-gatsby_haftad",
        "summary": "A story of love, dreams, and decadence in 1920s America, told through the tragic life of Jay Gatsby."
    },
    {
        "id": 8,
        "title": "The Da Vinci Code",
        "author": "Dan Brown",
        "genre": "Thriller",
        "year": 2003,
        "cover_url": "https://upload.wikimedia.org/wikipedia/en/thumb/6/6b/DaVinciCode.jpg/220px-DaVinciCode.jpg",
        "summary": "An action-packed thriller where symbologist Robert Langdon uncovers religious mysteries and secret societies."
    },
    {
        "id": 9,
        "title": "The Shining",
        "author": "Stephen King",
        "genre": "Horror",
        "year": 1977,
        "cover_url": "https://upload.wikimedia.org/wikipedia/commons/thumb/0/09/The_Shining_%281977%29_front_cover%2C_first_edition.jpg/250px-The_Shining_%281977%29_front_cover%2C_first_edition.jpg",
        "summary": "A family moves to an isolated hotel where the father slowly goes mad due to supernatural forces."
    },
    {
        "id": 10,
        "title": "Dune",
        "author": "Frank Herbert",
        "genre": "Science Fiction",
        "year": 1965,
        "cover_url": "https://bilder.akademibokhandeln.se/images_akb/9780340960196_383/dune",
        "summary": "Paul Atreides' destiny intertwines with the desert planet where power struggles and mystical forces control the universe."
    },
    {
        "id": 11,
        "title": "The Lord of the Rings: The Fellowship of the Ring",
        "author": "J.R.R. Tolkien",
        "genre": "Fantasy",
        "year": 1954,
        "cover_url": "https://upload.wikimedia.org/wikipedia/en/8/8e/The_Fellowship_of_the_Ring_cover.gif",
        "summary": "Frodo Baggins and his companions embark on a journey to destroy the One Ring and defeat the dark lord Sauron."
    },
    {
        "id": 12,
        "title": "Harry Potter and the Sorcerer's Stone",
        "author": "J.K. Rowling",
        "genre": "Fantasy",
        "year": 1997,
        "cover_url": "https://upload.wikimedia.org/wikipedia/en/6/6b/Harry_Potter_and_the_Philosopher%27s_Stone_Book_Cover.jpg",
        "summary": "Harry Potter discovers that he is a wizard and begins his adventure at Hogwarts School of Witchcraft and Wizardry."
    },
    {
        "id": 13,
        "title": "The Chronicles of Narnia: The Lion, the Witch and the Wardrobe",
        "author": "C.S. Lewis",
        "genre": "Fantasy",
        "year": 1950,
        "cover_url": "https://upload.wikimedia.org/wikipedia/en/7/7b/The_Lion%2C_the_Witch_and_the_Wardrobe.jpg",
        "summary": "Four siblings step into a magical world through a wardrobe and help Aslan the lion defeat the White Witch."
    },
    {
        "id": 14,
        "title": "Brave New World",
        "author": "Aldous Huxley",
        "genre": "Dystopian",
        "year": 1932,
        "cover_url": "https://upload.wikimedia.org/wikipedia/en/a/a0/BraveNewWorld_FirstEdition.jpg",
        "summary": "In a futuristic society where happiness is engineered, a man named Bernard Marx questions the system and his own identity."
    },
    {
        "id": 15,
        "title": "The Fault in Our Stars",
        "author": "John Green",
        "genre": "Young Adult",
        "year": 2012,
        "cover_url": "https://upload.wikimedia.org/wikipedia/en/3/3d/The_Fault_in_Our_Stars.jpg",
        "summary": "Two teenagers with cancer fall in love and embark on a journey to meet their favorite author in Amsterdam."
    }
]
